Yosi,yosi@mail.com,054-1111111
Yosi,yosi@mail.com,054-1111112
Yosi,yosi@mail.com,054-1111113
Yosi,yosi@mail.com,054-1111114
Yosi,yosi@mail.com,054-1111115
Yosi,yosi@mail.com,054-1111116
Yosi,yosi@mail.com,054-1111117
Yosi,yosi@mail.com,054-1111118
Yosi,yosi@mail.com,054-1111119
Yosi,yosi@mail.com,054-1111120
Yosi,yosi@mail.com,054-1111121
Yosi,yosi@mail.com,054-1111122
Yosi,yosi@mail.com,054-1111123
Yosi,yosi@mail.com,054-1111124
Yosi,yosi@mail.com,054-1111125
Yosi,yosi@mail.com,054-1111126
Yosi,yosi@mail.com,054-1111127
Yosi,yosi@mail.com,054-1111128
Yosi,yosi@mail.com,054-1111129
Yosi,yosi@mail.com,054-1111130
Yosi,yosi@mail.com,054-1111131
